identifier	type	label	parent	intersection	description	sce	principal quantum number	azimuthal quantum number	magnetic quantum number	see also	depiction
ID	TYPE	AT rdfs:label^^xsd:string	SC %	SC %	AT dc:description^^xsd:string	SC %	SC 'has principal quantum number' value %	SC 'has azimuthal quantum number' value %	SC 'has magnetic quantum number' value %		
ORBITAL:0000002	class	atomic orbital by principle quantum number	ORBITAL:0000001								
ORBITAL:0000003	class	1 shell	ORBITAL:0000002				1				
ORBITAL:0000004	class	2 shell	ORBITAL:0000002				2				
ORBITAL:0000005	class	3 shell	ORBITAL:0000002				3				
ORBITAL:0000006	class	4 shell	ORBITAL:0000002				4				
ORBITAL:0000007	class	5 shell	ORBITAL:0000002				5				
ORBITAL:0000008	class	6 shell	ORBITAL:0000002				6				
ORBITAL:0000009	class	7 shell	ORBITAL:0000002				7				
ORBITAL:0000010	class	atomic orbital by azimuthal quantum number	ORBITAL:0000001								
ORBITAL:0000011	class	s orbital	ORBITAL:0000010					0			
ORBITAL:0000012	class	p orbital	ORBITAL:0000010					1			
ORBITAL:0000013	class	d orbital	ORBITAL:0000010					2			
ORBITAL:0000014	class	f orbital	ORBITAL:0000010					3			
ORBITAL:0000015	class	g orbital	ORBITAL:0000010					4			
ORBITAL:0000016	class	h orbital	ORBITAL:0000010					6			
ORBITAL:0000017	class	i orbital	ORBITAL:0000010					7			
ORBITAL:0000018	class	atomic orbital by principle and azimuthal quantum number	ORBITAL:0000001	'ORBITAL:0000002' and 'ORBITAL:0000010'							
ORBITAL:0000019	class	1s orbital	ORBITAL:0000018	'1 shell' and 's orbital'			1	0			https://www.physics-in-a-nutshell.com/img/content/solid-state-physics/1s-orbital.svg
ORBITAL:0000020	class	2s orbital	ORBITAL:0000018	'2 shell' and 's orbital'			2	0			
ORBITAL:0000021	class	2p orbital	ORBITAL:0000018	'2 shell' and 'p orbital'			2	1			https://www.physics-in-a-nutshell.com/img/content/solid-state-physics/2p-orbitals.svg
ORBITAL:0000022	class	3s orbital	ORBITAL:0000018	'3 shell' and 's orbital'			3	0			
ORBITAL:0000023	class	3p orbital	ORBITAL:0000018	'3 shell' and 'p orbital'			3	1			
ORBITAL:0000024	class	3d orbital	ORBITAL:0000018	'3 shell' and 'd orbital'			3	2			https://www.physics-in-a-nutshell.com/img/content/solid-state-physics/3d-orbitals.svg
ORBITAL:0000025	class	4s orbital	ORBITAL:0000018	'4 shell' and 's orbital'			4	0			
ORBITAL:0000026	class	4p orbital	ORBITAL:0000018	'4 shell' and 'p orbital'			4	1			
ORBITAL:0000027	class	4d orbital	ORBITAL:0000018	'4 shell' and 'd orbital'			4	2			
ORBITAL:0000028	class	4f orbital	ORBITAL:0000018	'4 shell' and 'f orbital'			4	3			
ORBITAL:0000029	class	5s orbital	ORBITAL:0000018	'5 shell' and 's orbital'			5	0			
ORBITAL:0000030	class	5p orbital	ORBITAL:0000018	'5 shell' and 'p orbital'			5	1			
ORBITAL:0000031	class	5d orbital	ORBITAL:0000018	'5 shell' and 'd orbital'			5	2			
ORBITAL:0000032	class	5f orbital	ORBITAL:0000018	'5 shell' and 'f orbital'			5	3			
ORBITAL:0000033	class	5g orbital	ORBITAL:0000018	'5 shell' and 'g orbital'			5	4			
ORBITAL:0000034	class	6s orbital	ORBITAL:0000018	'6 shell' and 's orbital'			6	0			
ORBITAL:0000035	class	6p orbital	ORBITAL:0000018	'6 shell' and 'p orbital'			6	1			
ORBITAL:0000036	class	6d orbital	ORBITAL:0000018	'6 shell' and 'd orbital'			6	2			
ORBITAL:0000037	class	6f orbital	ORBITAL:0000018	'6 shell' and 'f orbital'			6	3			
ORBITAL:0000038	class	6g orbital	ORBITAL:0000018	'6 shell' and 'g orbital'			6	4			
ORBITAL:0000039	class	6h orbital	ORBITAL:0000018	'6 shell' and 'h orbital'			6	5			
ORBITAL:0000040	class	7s orbital	ORBITAL:0000018	'7 shell' and 's orbital'			7	0			
ORBITAL:0000041	class	7p orbital	ORBITAL:0000018	'7 shell' and 'p orbital'			7	1			
ORBITAL:0000042	class	7d orbital	ORBITAL:0000018	'7 shell' and 'd orbital'			7	2			
ORBITAL:0000043	class	7f orbital	ORBITAL:0000018	'7 shell' and 'f orbital'			7	3			
ORBITAL:0000044	class	7g orbital	ORBITAL:0000018	'7 shell' and 'g orbital'			7	4			
ORBITAL:0000045	class	7h orbital	ORBITAL:0000018	'7 shell' and 'h orbital'			7	5			
ORBITAL:0000046	class	7i orbital	ORBITAL:0000018	'7 shell' and 'i orbital'			7	6			
ORBITAL:0000047	class	atomic orbital cartesian equation									
ORBITAL:0000048	class	s orbital equation	ORBITAL:0000047		for m=0 and m_l=0						https://upload.wikimedia.org/wikipedia/commons/1/1d/S1M0.png
ORBITAL:0000049	class	pz orbital equation	ORBITAL:0000047		for m=1 and m_l=0						https://upload.wikimedia.org/wikipedia/commons/8/8f/S2M0.png
ORBITAL:0000050	class	px orbital equation	ORBITAL:0000047		for m=1 and m_l=±1						
ORBITAL:0000051	class	py orbital equation	ORBITAL:0000047		for m=1 and m_l=±1						
ORBITAL:0000052	class	dz² orbital equation	ORBITAL:0000047		for m=3 and m_l=0						
ORBITAL:0000053	class	dxz orbital equation	ORBITAL:0000047		for m=2 and m_l=±1						
ORBITAL:0000054	class	dyz orbital equation	ORBITAL:0000047		for m=2 and m_l=±1						
ORBITAL:0000055	class	dxy orbital equation	ORBITAL:0000047		for m=2 and m_l=±2						
ORBITAL:0000056	class	dx²-y² orbital equation	ORBITAL:0000047		for m=2 and m_l=±2						
ORBITAL:0000057	class	fz³ orbital equation	ORBITAL:0000047		for m=3 and m_l=±0						
ORBITAL:0000058	class	fxz² orbital equation	ORBITAL:0000047		for m=3 and m_l=±1						
ORBITAL:0000059	class	fyz² orbital equation	ORBITAL:0000047		for m=3 and m_l=±1						
ORBITAL:0000060	class	fxyz orbital equation	ORBITAL:0000047		for m=3 and m_l=±2						
ORBITAL:0000061	class	fz(x²-y²) orbital equation	ORBITAL:0000047		for m=3 and m_l=±2						
ORBITAL:0000062	class	fx(x²-3y²) orbital equation	ORBITAL:0000047		for m=3 and m_l=±3						
ORBITAL:0000063	class	fy(3x²-y²) orbital equation	ORBITAL:0000047		for m=3 and m_l=±3						
ORBITAL:0000064	class	gz⁴ equation	ORBITAL:0000047		for m=4 and m_l=0					https://chem.libretexts.org/Ancillary_Materials/Reference/Reference_Tables/Mathematical_Functions/M4%3A_Spherical_Harmonics	
ORBITAL:0000065	class	gz³x equation	ORBITAL:0000047		for m=4 and m_l=±1					https://chem.libretexts.org/Ancillary_Materials/Reference/Reference_Tables/Mathematical_Functions/M4%3A_Spherical_Harmonics	
ORBITAL:0000066	class	gz³y equation	ORBITAL:0000047		for m=4 and m_l=±1					https://chem.libretexts.org/Ancillary_Materials/Reference/Reference_Tables/Mathematical_Functions/M4%3A_Spherical_Harmonics	
ORBITAL:0000067	class	gz²(x²-y²) equation	ORBITAL:0000047		for m=4 and m_l=±2					https://chem.libretexts.org/Ancillary_Materials/Reference/Reference_Tables/Mathematical_Functions/M4%3A_Spherical_Harmonics	
ORBITAL:0000068	class	gxyz² equation	ORBITAL:0000047		for m=4 and m_l=±2					https://chem.libretexts.org/Ancillary_Materials/Reference/Reference_Tables/Mathematical_Functions/M4%3A_Spherical_Harmonics	
ORBITAL:0000069	class	gz(x³-3xy²) equation	ORBITAL:0000047		for m=4 and m_l=±3					https://chem.libretexts.org/Ancillary_Materials/Reference/Reference_Tables/Mathematical_Functions/M4%3A_Spherical_Harmonics	
ORBITAL:0000070	class	gy(3x²-y²)z equation	ORBITAL:0000047		for m=4 and m_l=±3					https://chem.libretexts.org/Ancillary_Materials/Reference/Reference_Tables/Mathematical_Functions/M4%3A_Spherical_Harmonics	
ORBITAL:0000071	class	gx⁴-6x²y²+y⁴ equation	ORBITAL:0000047		for m=4 and m_l=±4					https://chem.libretexts.org/Ancillary_Materials/Reference/Reference_Tables/Mathematical_Functions/M4%3A_Spherical_Harmonics	
ORBITAL:0000072	class	gxy(x²-y²) equation	ORBITAL:0000047		for m=4 and m_l=±4					https://chem.libretexts.org/Ancillary_Materials/Reference/Reference_Tables/Mathematical_Functions/M4%3A_Spherical_Harmonics	
ORBITAL:0000073	class	hz⁵ equation	ORBITAL:0000047		for m=5 and m_l=0						
ORBITAL:0000074	class	hxz⁴ equation	ORBITAL:0000047		for m=5 and m_l=±1						
ORBITAL:0000075	class	hyz⁴ equation	ORBITAL:0000047		for m=5 and m_l=±1						
ORBITAL:0000076	class	hz³xy equation	ORBITAL:0000047		for m=5 and m_l=±2						
ORBITAL:0000077	class	hz³(x²-y²) equation	ORBITAL:0000047		for m=5 and m_l=±2						
ORBITAL:0000078	class	hz²x³ equation	ORBITAL:0000047		for m=5 and m_l=±3						
ORBITAL:0000079	class	hz²y³ equation	ORBITAL:0000047		for m=5 and m_l=±3						
ORBITAL:0000080	class	hz(4x³y-4xy³) equation	ORBITAL:0000047		for m=5 and m_l=±4						
ORBITAL:0000081	class	hz(x⁴-6x²y²+y⁴) equation	ORBITAL:0000047		for m=5 and m_l=±4						
ORBITAL:0000082	class	hxy⁴ equation	ORBITAL:0000047		for m=5 and m_l=±5						
ORBITAL:0000083	class	hyx⁴ equation	ORBITAL:0000047		for m=5 and m_l=±5						
ORBITAL:0000084	class	i₀ equation	ORBITAL:0000047		for m=6 and m_l=0						
ORBITAL:0000085	class	i₁ equation 1	ORBITAL:0000047		for m=6 and m_l=±1						
ORBITAL:0000086	class	i₁ equation 2	ORBITAL:0000047		for m=6 and m_l=±1						
ORBITAL:0000087	class	i₂ equation 1	ORBITAL:0000047		for m=6 and m_l=±2						
ORBITAL:0000088	class	i₂ equation 2	ORBITAL:0000047		for m=6 and m_l=±2						
ORBITAL:0000089	class	i₃ equation 1	ORBITAL:0000047		for m=6 and m_l=±3						
ORBITAL:0000090	class	i₃ equation 2	ORBITAL:0000047		for m=6 and m_l=±3						
ORBITAL:0000091	class	i₄ equation 1	ORBITAL:0000047		for m=6 and m_l=±4						
ORBITAL:0000092	class	i₄ equation 2	ORBITAL:0000047		for m=6 and m_l=±4						
ORBITAL:0000093	class	i₅ equation 1	ORBITAL:0000047		for m=6 and m_l=±5						
ORBITAL:0000094	class	i₅ equation 2	ORBITAL:0000047		for m=6 and m_l=±5						
ORBITAL:0000095	class	i₆ equation 1	ORBITAL:0000047		for m=6 and m_l=±6						
ORBITAL:0000096	class	i₆ equation 2	ORBITAL:0000047		for m=6 and m_l=±6						
ORBITAL:0000100	class	atomic orbital by principal, azimuthal, and magnetic quantum number	ORBITAL:0000001								
ORBITAL:0000101	class	1s₀ orbital	ORBITAL:0000100	'1s orbital' and 'orbital with magnetic quantum number 0'			1	0	0		
ORBITAL:0000102	class	2s₀ orbital	ORBITAL:0000100	'2s orbital' and 'orbital with magnetic quantum number 0'			2	0	0		
ORBITAL:0000103	class	2p₀ orbital	ORBITAL:0000100	'2p orbital' and 'orbital with magnetic quantum number 0'	Typically written with cartesian equation pz		2	1	0		
ORBITAL:0000104	class	2p₁ orbital	ORBITAL:0000100	'2p orbital' and 'orbital with magnetic quantum number +1'	Linear combination of cartesian equations 2px and 2py		2	1			
ORBITAL:0000105	class	2p₋₁ orbital	ORBITAL:0000100	'2p orbital' and 'orbital with magnetic quantum number -1'	Linear combination of cartesian equations 2px and 2py		2	1			
ORBITAL:0000106	class	3s₀ orbital	ORBITAL:0000100	'3s orbital' and 'orbital with magnetic quantum number 0'			3	0	0		
ORBITAL:0000107	class	3p₀ orbital	ORBITAL:0000100	'3p orbital' and 'orbital with magnetic quantum number 0'	Typically written as cartesian equation 3pz		3	1	0		
ORBITAL:0000108	class	3p₁ orbital	ORBITAL:0000100	'3p orbital' and 'orbital with magnetic quantum number +1'	Linear combination of cartesian equations 3px and 3py		3	1	1		
ORBITAL:0000109	class	3p₋₁ orbital	ORBITAL:0000100	'3p orbital' and 'orbital with magnetic quantum number -1'	Linear combination of cartesian equations 3px and 3py		3	1	-1		
ORBITAL:0000110	class	3d₀ orbital	ORBITAL:0000100	'3d orbital' and 'orbital with magnetic quantum number 0'			3	2	0		
ORBITAL:0000111	class	3d₁ orbital	ORBITAL:0000100	'3d orbital' and 'orbital with magnetic quantum number +1'	Linear combination of cartesian equations 3dxz and 3dyz		3	2	1		
ORBITAL:0000112	class	3d₋₁ orbital	ORBITAL:0000100	'3d orbital' and 'orbital with magnetic quantum number -1'	Linear combination of cartesian equations 3dxz and 3dyz		3	2	-1		
ORBITAL:0000113	class	3d₂ orbital	ORBITAL:0000100	'3d orbital' and 'orbital with magnetic quantum number +2'	Linear combination of cartesian equations 3dxy and 3dx²-y² 		3	2	2		
ORBITAL:0000114	class	3d₋₂ orbital	ORBITAL:0000100	'3d orbital' and 'orbital with magnetic quantum number -2'	Linear combination of cartesian equations 3dxy and 3dx²-y²		3	2	-2		
ORBITAL:0000115	class	4s₀ orbital	ORBITAL:0000100	'4s orbital' and 'orbital with magnetic quantum number 0'			4	0	0		
ORBITAL:0000116	class	4p₀ orbital	ORBITAL:0000100	'4p orbital' and 'orbital with magnetic quantum number 0'	4pz		4	1	0		
ORBITAL:0000117	class	4p₁ orbital	ORBITAL:0000100	'4p orbital' and 'orbital with magnetic quantum number +1'	4px and 4py		4	1	1		
ORBITAL:0000118	class	4p₋₁ orbital	ORBITAL:0000100	'4p orbital' and 'orbital with magnetic quantum number -2'	4px and 4py		4	1	-1		
ORBITAL:0000119	class	4d₀ orbital	ORBITAL:0000100	'4d orbital' and 'orbital with magnetic quantum number 0'	4dz² and 4dxz		4	2	0		
ORBITAL:0000120	class	4d₁ orbital	ORBITAL:0000100	'4d orbital' and 'orbital with magnetic quantum number +1'			4	2	1		
ORBITAL:0000121	class	4d₋₁ orbital	ORBITAL:0000100	'4d orbital' and 'orbital with magnetic quantum number -1'	4dyz and 		4	2	-1		
ORBITAL:0000122	class	4d₂ orbital 	ORBITAL:0000100	'4d orbital' and 'orbital with magnetic quantum number +2'	4dxy and 4dx²-y² 		4	2	2		
ORBITAL:0000123	class	4d₋₂ orbital 	ORBITAL:0000100	'4d orbital' and 'orbital with magnetic quantum number -2'	4dxy and 4dx²-y²		4	2	-2		
ORBITAL:0000124	class	4f₀ orbital	ORBITAL:0000100	'4f orbital' and 'orbital with magnetic quantum number 0'			4	3	0		
ORBITAL:0000125	class	4f₁ orbital	ORBITAL:0000100	'4f orbital' and 'orbital with magnetic quantum number +1'			4	3	1		
ORBITAL:0000126	class	4f₋₁ orbital	ORBITAL:0000100	'4f orbital' and 'orbital with magnetic quantum number -1'			4	3	-1		
ORBITAL:0000127	class	4f₂ orbital	ORBITAL:0000100	'4f orbital' and 'orbital with magnetic quantum number +2'			4	3	2		
ORBITAL:0000128	class	4f₋₂ orbital	ORBITAL:0000100	'4f orbital' and 'orbital with magnetic quantum number -2'			4	3	-2		
ORBITAL:0000129	class	4f₃ orbital	ORBITAL:0000100	'4f orbital' and 'orbital with magnetic quantum number +3'			4	3	3		
ORBITAL:0000130	class	4f₋₃ orbital	ORBITAL:0000100	'4f orbital' and 'orbital with magnetic quantum number -3'			4	3	-3		
ORBITAL:0000131	class	5s₀ orbital	ORBITAL:0000100	'5s orbital' and 'orbital with magnetic quantum number 0'			5	0	0		
ORBITAL:0000132	class	5p₀ orbital	ORBITAL:0000100	'5p orbital' and 'orbital with magnetic quantum number 0'			5	1	0		
ORBITAL:0000133	class	5p₁ orbital	ORBITAL:0000100	'5p orbital' and 'orbital with magnetic quantum number +1'			5	1	1		
ORBITAL:0000134	class	5p₋₁ orbital	ORBITAL:0000100	'5p orbital' and 'orbital with magnetic quantum number -1'			5	1	-1		
ORBITAL:0000135	class	5d₀ orbital	ORBITAL:0000100	'5d orbital' and 'orbital with magnetic quantum number 0'			5	2	0		
ORBITAL:0000136	class	5d₁ orbital	ORBITAL:0000100	'5d orbital' and 'orbital with magnetic quantum number +1'			5	2	1		
ORBITAL:0000137	class	5d₋₁ orbital	ORBITAL:0000100	'5d orbital' and 'orbital with magnetic quantum number -1'			5	2	-1		
ORBITAL:0000138	class	5d₂ orbital	ORBITAL:0000100	'5d orbital' and 'orbital with magnetic quantum number +2'			5	2	2		
ORBITAL:0000139	class	5d₋₂ orbital	ORBITAL:0000100	'5d orbital' and 'orbital with magnetic quantum number -2'			5	2	-2		
ORBITAL:0000140	class	5f₀ orbital	ORBITAL:0000100	'5f orbital' and 'orbital with magnetic quantum number 0'			5	3	0		
ORBITAL:0000141	class	5f₁ orbital	ORBITAL:0000100	'5f orbital' and 'orbital with magnetic quantum number +1'			5	3	1		
ORBITAL:0000142	class	5f₋₁ orbital	ORBITAL:0000100	'5f orbital' and 'orbital with magnetic quantum number -1'			5	3	-1		
ORBITAL:0000143	class	5f₂ orbital	ORBITAL:0000100	'5f orbital' and 'orbital with magnetic quantum number +2'			5	3	2		
ORBITAL:0000144	class	5f₋₂ orbital	ORBITAL:0000100	'5f orbital' and 'orbital with magnetic quantum number -2'			5	3	-2		
ORBITAL:0000145	class	5f₃ orbital	ORBITAL:0000100	'5f orbital' and 'orbital with magnetic quantum number +3'			5	3	3		
ORBITAL:0000146	class	5f₋₃ orbital	ORBITAL:0000100	'5f orbital' and 'orbital with magnetic quantum number -3'			5	3	-3		
ORBITAL:0000147	class	5g₀ orbital	ORBITAL:0000100	'5g orbital' and 'orbital with magnetic quantum number 0'			5	4	0		
ORBITAL:0000148	class	5g₁ orbital	ORBITAL:0000100	'5g orbital' and 'orbital with magnetic quantum number +1'			5	4	1		
ORBITAL:0000149	class	5g₋₁ orbital	ORBITAL:0000100	'5g orbital' and 'orbital with magnetic quantum number -1'			5	4	-1		
ORBITAL:0000150	class	5g₂ orbital	ORBITAL:0000100	'5g orbital' and 'orbital with magnetic quantum number +2'			5	4	2		
ORBITAL:0000151	class	5g₋₂ orbital	ORBITAL:0000100	'5g orbital' and 'orbital with magnetic quantum number -2'			5	4	-2		
ORBITAL:0000152	class	5g₃ orbital	ORBITAL:0000100	'5g orbital' and 'orbital with magnetic quantum number +3'			5	4	3		
ORBITAL:0000153	class	5g₋₃ orbital	ORBITAL:0000100	'5g orbital' and 'orbital with magnetic quantum number -3'			5	4	-3		
ORBITAL:0000154	class	5g₄ orbital	ORBITAL:0000100	'5g orbital' and 'orbital with magnetic quantum number +4'			5	4	4		
ORBITAL:0000155	class	5g₋₄ orbital	ORBITAL:0000100	'5g orbital' and 'orbital with magnetic quantum number -4'			5	4	-4		
ORBITAL:0000156	class	6s₀ orbital	ORBITAL:0000100	'6s orbital' and 'orbital with magnetic quantum number 0'			6	0	0		
ORBITAL:0000157	class	6p₀ orbital	ORBITAL:0000100	'6p orbital' and 'orbital with magnetic quantum number 0'			6	1	0		
ORBITAL:0000158	class	6p₁ orbital	ORBITAL:0000100	'6p orbital' and 'orbital with magnetic quantum number +1'			6	1	1		
ORBITAL:0000159	class	6p₋₁ orbital	ORBITAL:0000100	'6p orbital' and 'orbital with magnetic quantum number -1'			6	1	-1		
ORBITAL:0000160	class	6d₀ orbital	ORBITAL:0000100	'6d orbital' and 'orbital with magnetic quantum number 0'			6	2	0		
ORBITAL:0000161	class	6d₁ orbital	ORBITAL:0000100	'6d orbital' and 'orbital with magnetic quantum number +1'			6	2	1		
ORBITAL:0000162	class	6d₋₁ orbital	ORBITAL:0000100	'6d orbital' and 'orbital with magnetic quantum number -1'			6	2	-1		
ORBITAL:0000163	class	6d₂ orbital	ORBITAL:0000100	'6d orbital' and 'orbital with magnetic quantum number +2'			6	2	2		
ORBITAL:0000164	class	6d₋₂ orbital	ORBITAL:0000100	'6d orbital' and 'orbital with magnetic quantum number -2'			6	2	-2		
ORBITAL:0000165	class	6f₀ orbital	ORBITAL:0000100	'6f orbital' and 'orbital with magnetic quantum number 0'			6	3	0		
ORBITAL:0000166	class	6f₁ orbital	ORBITAL:0000100	'6f orbital' and 'orbital with magnetic quantum number +1'			6	3	1		
ORBITAL:0000167	class	6f₋₁ orbital	ORBITAL:0000100	'6f orbital' and 'orbital with magnetic quantum number -1'			6	3	-1		
ORBITAL:0000168	class	6f₂ orbital	ORBITAL:0000100	'6f orbital' and 'orbital with magnetic quantum number +2'			6	3	2		
ORBITAL:0000169	class	6f₋₂ orbital	ORBITAL:0000100	'6f orbital' and 'orbital with magnetic quantum number -2'			6	3	-2		
ORBITAL:0000170	class	6f₃ orbital	ORBITAL:0000100	'6f orbital' and 'orbital with magnetic quantum number +3'			6	3	3		
ORBITAL:0000171	class	6f₋₃ orbital	ORBITAL:0000100	'6f orbital' and 'orbital with magnetic quantum number -3'			6	3	-3		
ORBITAL:0000172	class	6g₀ orbital	ORBITAL:0000100	'6g orbital' and 'orbital with magnetic quantum number 0'			6	4	0		
ORBITAL:0000173	class	6g₁ orbital	ORBITAL:0000100	'6g orbital' and 'orbital with magnetic quantum number +1'			6	4	1		
ORBITAL:0000174	class	6g₋₁ orbital	ORBITAL:0000100	'6g orbital' and 'orbital with magnetic quantum number -1'			6	4	-1		
ORBITAL:0000175	class	6g₂ orbital	ORBITAL:0000100	'6g orbital' and 'orbital with magnetic quantum number +2'			6	4	2		
ORBITAL:0000176	class	6g₋₂ orbital	ORBITAL:0000100	'6g orbital' and 'orbital with magnetic quantum number -2'			6	4	-2		
ORBITAL:0000177	class	6g₃ orbital	ORBITAL:0000100	'6g orbital' and 'orbital with magnetic quantum number +3'			6	4	3		
ORBITAL:0000178	class	6g₋₃ orbital	ORBITAL:0000100	'6g orbital' and 'orbital with magnetic quantum number -3'			6	4	-3		
ORBITAL:0000179	class	6g₄ orbital	ORBITAL:0000100	'6g orbital' and 'orbital with magnetic quantum number +4'			6	4	4		
ORBITAL:0000180	class	6g₋₄ orbital	ORBITAL:0000100	'6g orbital' and 'orbital with magnetic quantum number -5'			6	4	-4		
ORBITAL:0000181	class	6h₀ orbital	ORBITAL:0000100	'6h orbital' and 'orbital with magnetic quantum number 0'			6	5	0		
ORBITAL:0000182	class	6h₁ orbital	ORBITAL:0000100	'6h orbital' and 'orbital with magnetic quantum number +1'			6	5	1		
ORBITAL:0000183	class	6h₋₁ orbital	ORBITAL:0000100	'6h orbital' and 'orbital with magnetic quantum number -1'			6	5	-1		
ORBITAL:0000184	class	6h₂ orbital	ORBITAL:0000100	'6h orbital' and 'orbital with magnetic quantum number +2'			6	5	2		
ORBITAL:0000185	class	6h₋₂ orbital	ORBITAL:0000100	'6h orbital' and 'orbital with magnetic quantum number -2'			6	5	-2		
ORBITAL:0000186	class	6h₃ orbital	ORBITAL:0000100	'6h orbital' and 'orbital with magnetic quantum number +3'			6	5	3		
ORBITAL:0000187	class	6h₋₃ orbital	ORBITAL:0000100	'6h orbital' and 'orbital with magnetic quantum number -3'			6	5	-3		
ORBITAL:0000188	class	6h₄ orbital	ORBITAL:0000100	'6h orbital' and 'orbital with magnetic quantum number +4'			6	5	4		
ORBITAL:0000189	class	6h₋₄ orbital	ORBITAL:0000100	'6h orbital' and 'orbital with magnetic quantum number -4'			6	5	-4		
ORBITAL:0000190	class	6h₅ orbital	ORBITAL:0000100	'6h orbital' and 'orbital with magnetic quantum number +5'			6	5	5		
ORBITAL:0000191	class	6h₋₅ orbital	ORBITAL:0000100	'6h orbital' and 'orbital with magnetic quantum number -5'			6	5	-5		
ORBITAL:0000192	class	7s₀ orbital	ORBITAL:0000100	'7s orbital' and 'orbital with magnetic quantum number 0'			7	0	0		
ORBITAL:0000193	class	7p₀ orbital	ORBITAL:0000100	'7p orbital' and 'orbital with magnetic quantum number 0'			7	1	0		
ORBITAL:0000194	class	7p₁ orbital	ORBITAL:0000100	'7p orbital' and 'orbital with magnetic quantum number +1'			7	1	1		
ORBITAL:0000195	class	7p₋₁ orbital	ORBITAL:0000100	'7p orbital' and 'orbital with magnetic quantum number -2'			7	1	-1		
ORBITAL:0000196	class	7d₀ orbital	ORBITAL:0000100	'7d orbital' and 'orbital with magnetic quantum number 0'			7	2	0		
ORBITAL:0000197	class	7d₁ orbital	ORBITAL:0000100	'7d orbital' and 'orbital with magnetic quantum number +1'			7	2	1		
ORBITAL:0000198	class	7d₋₁ orbital	ORBITAL:0000100	'7d orbital' and 'orbital with magnetic quantum number -1'			7	2	-1		
ORBITAL:0000199	class	7d₂ orbital	ORBITAL:0000100	'7d orbital' and 'orbital with magnetic quantum number +2'			7	2	2		
ORBITAL:0000200	class	7d₋₂ orbital	ORBITAL:0000100	'7d orbital' and 'orbital with magnetic quantum number -2'			7	2	-2		
ORBITAL:0000201	class	7f₀ orbital	ORBITAL:0000100	'7f orbital' and 'orbital with magnetic quantum number 0'			7	3	0		
ORBITAL:0000202	class	7f₁ orbital	ORBITAL:0000100	'7f orbital' and 'orbital with magnetic quantum number +1'			7	3	1		
ORBITAL:0000203	class	7f₋₁ orbital	ORBITAL:0000100	'7f orbital' and 'orbital with magnetic quantum number -1'			7	3	-1		
ORBITAL:0000204	class	7f₂ orbital	ORBITAL:0000100	'7f orbital' and 'orbital with magnetic quantum number +2'			7	3	2		
ORBITAL:0000205	class	7f₋₂ orbital	ORBITAL:0000100	'7f orbital' and 'orbital with magnetic quantum number -2'			7	3	-2		
ORBITAL:0000206	class	7f₃ orbital	ORBITAL:0000100	'7f orbital' and 'orbital with magnetic quantum number +3'			7	3	3		
ORBITAL:0000207	class	7f₋₃ orbital	ORBITAL:0000100	'7f orbital' and 'orbital with magnetic quantum number -3'			7	3	-3		
ORBITAL:0000208	class	7g₀ orbital	ORBITAL:0000100	'7g orbital' and 'orbital with magnetic quantum number 0'			7	4	0		
ORBITAL:0000209	class	7g₁ orbital	ORBITAL:0000100	'7g orbital' and 'orbital with magnetic quantum number +1'			7	4	1		
ORBITAL:0000210	class	7g₋₁ orbital	ORBITAL:0000100	'7g orbital' and 'orbital with magnetic quantum number +1'			7	4	-1		
ORBITAL:0000211	class	7g₂ orbital	ORBITAL:0000100	'7g orbital' and 'orbital with magnetic quantum number +2'			7	4	2		
ORBITAL:0000212	class	7g₋₂ orbital	ORBITAL:0000100	'7g orbital' and 'orbital with magnetic quantum number -2'			7	4	-2		
ORBITAL:0000213	class	7g₃ orbital	ORBITAL:0000100	'7g orbital' and 'orbital with magnetic quantum number +3'			7	4	3		
ORBITAL:0000214	class	7g₋₃ orbital	ORBITAL:0000100	'7g orbital' and 'orbital with magnetic quantum number -3'			7	4	-3		
ORBITAL:0000215	class	7g₄ orbital	ORBITAL:0000100	'7g orbital' and 'orbital with magnetic quantum number +4'			7	4	4		
ORBITAL:0000216	class	7g₋₄ orbital	ORBITAL:0000100	'7g orbital' and 'orbital with magnetic quantum number -4'			7	4	-4		
ORBITAL:0000217	class	7h₀ orbital	ORBITAL:0000100	'7h orbital' and 'orbital with magnetic quantum number 0'			7	5	0		
ORBITAL:0000218	class	7h₁ orbital	ORBITAL:0000100	'7h orbital' and 'orbital with magnetic quantum number +1'			7	5	1		
ORBITAL:0000219	class	7h₋₁ orbital	ORBITAL:0000100	'7h orbital' and 'orbital with magnetic quantum number -1'			7	5	-1		
ORBITAL:0000220	class	7h₂ orbital	ORBITAL:0000100	'7h orbital' and 'orbital with magnetic quantum number +2'			7	5	2		
ORBITAL:0000221	class	7h₋₂ orbital	ORBITAL:0000100	'7h orbital' and 'orbital with magnetic quantum number -2'			7	5	-2		
ORBITAL:0000222	class	7h₃ orbital	ORBITAL:0000100	'7h orbital' and 'orbital with magnetic quantum number +3'			7	5	3		
ORBITAL:0000223	class	7h₋₃ orbital	ORBITAL:0000100	'7h orbital' and 'orbital with magnetic quantum number -3'			7	5	-3		
ORBITAL:0000224	class	7h₄ orbital	ORBITAL:0000100	'7h orbital' and 'orbital with magnetic quantum number +4'			7	5	4		
ORBITAL:0000225	class	7h₋₄ orbital	ORBITAL:0000100	'7h orbital' and 'orbital with magnetic quantum number -4'			7	5	-4		
ORBITAL:0000226	class	7h₅ orbital	ORBITAL:0000100	'7h orbital' and 'orbital with magnetic quantum number +5'			7	5	5		
ORBITAL:0000227	class	7h₋₅ orbital	ORBITAL:0000100	'7h orbital' and 'orbital with magnetic quantum number -5'			7	5	-5		
ORBITAL:0000228	class	7i₀ orbital	ORBITAL:0000100	'7i orbital' and 'orbital with magnetic quantum number 0'			7	6	0		
ORBITAL:0000229	class	7i₁ orbital	ORBITAL:0000100	'7i orbital' and 'orbital with magnetic quantum number +1'			7	6	1		
ORBITAL:0000230	class	7i₋₁ orbital	ORBITAL:0000100	'7i orbital' and 'orbital with magnetic quantum number -1'			7	6	-1		
ORBITAL:0000231	class	7i₂ orbital	ORBITAL:0000100	'7i orbital' and 'orbital with magnetic quantum number +2'			7	6	2		
ORBITAL:0000232	class	7i₋₂ orbital	ORBITAL:0000100	'7i orbital' and 'orbital with magnetic quantum number -2'			7	6	-2		
ORBITAL:0000233	class	7i₃ orbital	ORBITAL:0000100	'7i orbital' and 'orbital with magnetic quantum number +3'			7	6	3		
ORBITAL:0000234	class	7i₋₃ orbital	ORBITAL:0000100	'7i orbital' and 'orbital with magnetic quantum number -3'			7	6	-3		
ORBITAL:0000235	class	7i₄ orbital	ORBITAL:0000100	'7i orbital' and 'orbital with magnetic quantum number +4'			7	6	4		
ORBITAL:0000236	class	7i₋₄ orbital	ORBITAL:0000100	'7i orbital' and 'orbital with magnetic quantum number -4'			7	6	-4		
ORBITAL:0000237	class	7i₅ orbital	ORBITAL:0000100	'7i orbital' and 'orbital with magnetic quantum number +5'			7	6	5		
ORBITAL:0000238	class	7i₋₅ orbital	ORBITAL:0000100	'7i orbital' and 'orbital with magnetic quantum number -5'			7	6	-5		
ORBITAL:0000239	class	7i₆ orbital	ORBITAL:0000100	'7i orbital' and 'orbital with magnetic quantum number +6'			7	6	6		
ORBITAL:0000240	class	7i₋₆ orbital	ORBITAL:0000100	'7i orbital' and 'orbital with magnetic quantum number -6'			7	6	-6		
ORBITAL:0000300	class	atomic orbital by magnetic quantum number	ORBITAL:0000001			'has magnetic quantum number' some xsd:integer					
ORBITAL:0000301	class	orbital with magnetic quantum number 0	ORBITAL:0000300						0		
ORBITAL:0000302	class	orbital with magnetic quantum number ±1	ORBITAL:0000300			('has magnetic quantum number' value -1) or ('has magnetic quantum number' value 1)					
ORBITAL:0000303	class	orbital with magnetic quantum number -1	ORBITAL:0000302						-1		
ORBITAL:0000304	class	orbital with magnetic quantum number +1	ORBITAL:0000302						1		
ORBITAL:0000305	class	orbital with magnetic quantum number ±2	ORBITAL:0000300			('has magnetic quantum number' value -2) or ('has magnetic quantum number' value 2)					
ORBITAL:0000306	class	orbital with magnetic quantum number +2	ORBITAL:0000305						2		
ORBITAL:0000307	class	orbital with magnetic quantum number -2	ORBITAL:0000305						-2		
ORBITAL:0000308	class	orbital with magnetic quantum number ±3	ORBITAL:0000300			('has magnetic quantum number' value -3) or ('has magnetic quantum number' value 3)					
ORBITAL:0000309	class	orbital with magnetic quantum number +3	ORBITAL:0000308						3		
ORBITAL:0000310	class	orbital with magnetic quantum number -3	ORBITAL:0000308						-3		
ORBITAL:0000311	class	orbital with magnetic quantum number ±4	ORBITAL:0000300			('has magnetic quantum number' value -4) or ('has magnetic quantum number' value 4)					
ORBITAL:0000312	class	orbital with magnetic quantum number +4	ORBITAL:0000311						4		
ORBITAL:0000313	class	orbital with magnetic quantum number -4	ORBITAL:0000311						-4		
ORBITAL:0000314	class	orbital with magnetic quantum number ±5	ORBITAL:0000300			('has magnetic quantum number' value -5) or ('has magnetic quantum number' value 5)					
ORBITAL:0000315	class	orbital with magnetic quantum number +5	ORBITAL:0000314						5		
ORBITAL:0000316	class	orbital with magnetic quantum number -5	ORBITAL:0000314						-5		
ORBITAL:0000317	class	orbital with magnetic quantum number ±6	ORBITAL:0000300			('has magnetic quantum number' value -6) or ('has magnetic quantum number' value 6)					
ORBITAL:0000318	class	orbital with magnetic quantum number +6	ORBITAL:0000317						6		
ORBITAL:0000319	class	orbital with magnetic quantum number -6	ORBITAL:0000317						-6		
